,z0,z025,z05,z1,z2
0.0200456,27997.1,20829.3,15630.2,9290.04,4195.87
0.0350414,19757.3,14775.7,11136.3,6661.55,3029.49
0.0492313,14255.1,10669.8,8047.5,4819.8,2194.86
0.0637834,11305.3,8535.37,6480.74,3915.92,1797.69
0.0800726,10290.8,7647.44,5723.2,3377.69,1506.9
0.096163,7442.37,5487.0,4085.66,2401.01,1071.39
0.111083,5867.53,4311.27,3207.29,1888.27,846.999
0.126058,4888.68,3628.16,2724.23,1626.17,738.899
0.142273,4363.91,3231.39,2413.23,1422.11,634.822
0.158546,3619.67,2620.88,1926.07,1116.61,495.178
0.17375,3315.28,2403.8,1766.24,1018.73,445.043
0.188953,2988.32,2167.64,1595.36,921.821,401.815
0.204907,2710.92,1957.64,1430.68,816.752,352.984
0.220756,2473.04,1735.27,1237.6,685.856,291.025
0.23588,2248.15,1585.22,1137.8,633.232,265.865
0.2514,2051.31,1440.61,1030.88,573.455,241.719
0.267535,1825.68,1275.12,913.529,511.07,217.321
0.283568,1902.54,1305.79,912.533,489.109,199.135
0.299022,1673.57,1159.22,821.312,445.489,179.418
0.314451,1582.84,1069.44,742.761,396.625,160.796
0.330372,1524.87,1031.35,716.701,382.678,153.999
0.346141,1381.61,931.316,650.404,349.627,139.914
0.361624,1337.68,909.578,633.187,333.421,130.414
0.377134,1273.59,848.977,581.663,301.225,116.972
0.392932,1241.48,833.939,572.852,293.221,110.975
0.408854,1167.76,776.863,530.512,273.281,104.799
0.424564,1178.04,773.693,519.0,258.652,96.6004
0.440253,1108.41,723.463,486.343,242.818,90.0294
0.455999,1085.23,697.437,463.152,232.511,88.2068
0.471626,1021.58,664.634,445.895,221.568,81.1814
0.48727,999.018,642.162,429.506,217.157,79.773
0.502856,968.559,623.326,419.692,212.129,75.7413
0.518488,947.281,608.483,403.487,198.119,70.765
0.534347,890.21,574.548,384.326,188.261,66.5245
0.550082,881.405,562.37,374.503,183.155,63.5379
0.565732,857.436,542.867,358.024,172.298,59.5301
0.581496,836.602,539.593,357.91,169.073,57.9771
0.597222,825.351,524.939,343.865,163.401,55.0608
0.612804,787.754,503.117,332.4,156.747,52.3283
0.628434,782.124,493.006,320.074,149.748,49.9966
0.644267,749.995,472.076,303.849,143.791,48.9312
0.660051,733.622,464.938,303.608,141.765,46.6326
0.675724,719.701,448.903,291.877,135.889,44.8427
0.691403,705.967,444.716,286.648,132.401,42.7734
0.707174,688.389,429.572,279.687,132.075,42.0138
0.722871,669.38,422.742,274.026,126.358,40.3277
0.73838,654.844,412.369,268.632,122.738,38.8378
0.754018,652.306,409.157,262.64,119.467,37.7454
0.769845,629.045,399.676,258.216,116.352,36.3156
0.78569,620.416,383.831,247.847,113.973,34.9682
0.801365,604.198,380.362,243.81,110.272,33.9012
0.817031,585.027,368.632,236.907,107.552,33.2588
0.832809,586.968,367.231,237.685,106.861,32.1593
0.848511,572.985,359.084,230.147,102.96,31.0585
0.864097,565.352,354.835,225.862,101.028,29.9228
0.879701,553.801,344.378,221.009,99.1594,29.4402
0.895507,538.89,340.213,218.89,95.3689,28.2371
0.911279,529.016,333.654,211.428,93.9026,28.0498
0.92691,519.731,328.902,209.284,92.9567,26.7865
0.942635,517.165,325.09,203.595,90.1777,26.4199
0.958396,503.86,314.662,200.619,88.7404,25.6716
0.974128,495.709,308.845,194.968,86.0819,24.7238
0.989692,487.803,305.389,193.362,85.2817,24.2596
1.00528,486.442,301.925,189.916,82.9185,23.9738
1.02113,473.494,293.033,186.134,81.8426,23.3187
1.03692,464.285,287.541,181.478,80.7466,22.8525
1.05264,460.789,284.575,181.387,78.8036,22.2292
1.06832,451.162,276.95,177.557,77.9143,21.7334
1.08405,438.78,273.226,174.328,76.4031,21.3804
1.09979,435.507,272.278,172.977,75.0822,20.818
1.11537,428.337,265.167,170.874,74.816,20.5079
1.13105,419.595,260.574,163.476,71.8227,19.9203
1.14679,409.977,254.016,161.488,70.645,19.4579
1.16256,405.291,251.69,159.681,69.4742,19.4577
1.17828,402.005,249.549,159.404,69.2052,18.501
1.19395,390.162,243.972,155.793,67.8955,18.4526
1.2097,390.038,242.799,152.63,66.9681,18.021
1.22537,380.013,234.604,150.21,66.1955,17.7409
1.241,377.149,232.131,148.808,65.008,17.261
1.25666,369.509,229.411,146.602,63.2654,17.0084
1.27241,362.88,225.099,143.632,62.471,16.7226
1.28819,360.033,222.164,142.66,61.8776,16.3866
1.30392,353.056,218.879,139.604,61.0247,16.1027
1.31957,348.018,215.059,137.859,59.9034,15.6988
1.33529,344.155,211.715,135.444,59.209,15.6345
1.35108,335.576,207.477,133.307,58.281,15.237
1.36674,329.788,205.564,132.254,57.8487,14.9958
1.3824,326.299,203.83,130.49,56.6391,14.823
1.39811,321.209,198.573,127.322,56.454,14.4197
1.41389,318.574,195.456,126.2,55.3975,14.225
1.42964,311.513,193.931,125.129,54.9533,14.1263
1.44531,306.765,189.907,122.32,53.7289,13.9132
1.46101,301.589,186.368,120.602,53.0284,13.5336
1.47667,296.161,185.689,119.395,52.7705,13.3319
1.49229,293.494,181.163,117.123,51.6641,13.1278
1.50793,289.663,179.545,115.483,50.9986,12.9493
1.52367,284.716,176.986,114.777,50.376,12.8413
1.53953,280.231,175.016,112.629,49.5778,12.5863
1.55526,275.083,171.809,111.632,49.2128,12.3774
1.57092,272.037,169.456,109.306,48.5949,12.0874
1.58662,268.412,166.4,108.38,47.6072,12.0498
1.60235,265.098,163.679,107.138,47.017,11.7671
1.61809,260.794,160.843,105.832,46.7039,11.7424
1.63369,256.314,159.584,103.276,46.1686,11.4655
1.64941,253.361,156.917,103.013,45.7041,11.4121
1.66519,249.568,154.743,101.024,44.7078,11.2065
1.68085,245.965,153.58,99.9616,44.3337,11.151
1.69652,242.779,151.108,97.9823,43.5779,10.9268
1.71228,238.697,148.293,97.8413,43.1794,10.7428
1.72806,235.429,146.539,95.6778,42.786,10.6655
1.74368,231.216,145.279,94.5391,42.2488,10.493
1.75933,227.205,142.615,94.0595,41.3597,10.3878
1.77505,224.739,140.928,92.4133,40.8492,10.1383
1.79081,221.362,139.183,91.315,40.5251,10.1446
1.8065,217.776,137.019,90.1753,39.9448,9.96926
1.82218,213.703,133.665,88.2764,39.6432,9.89955
1.83797,212.848,132.774,87.6971,38.9389,9.70774
1.85367,209.35,131.742,85.9688,38.4346,9.61975
1.86928,206.326,129.705,85.2493,38.2615,9.50892
1.88497,202.502,128.514,84.2765,37.6424,9.40553
1.90073,200.805,126.041,83.2546,37.3121,9.22749
1.91647,198.276,123.251,82.2131,36.7022,9.16806
1.93218,196.766,122.644,81.211,36.412,9.04966
1.94787,192.07,120.989,80.0706,36.0053,8.91655
1.96363,190.29,118.895,78.8501,35.6233,8.78627
1.97935,186.709,117.14,77.9171,35.291,8.7417
1.99499,184.669,115.072,76.878,34.666,8.6144
2.01064,183.259,113.789,75.962,34.5037,8.51596
2.0264,180.556,112.891,75.4791,34.0697,8.45868
2.04216,177.016,110.783,74.6649,33.724,8.35205
2.05781,175.268,109.777,73.5615,33.1284,8.22098
2.07353,172.999,108.091,72.8268,32.8771,8.13494
2.08928,170.74,106.688,71.2931,32.4969,8.02663
2.10499,168.77,105.221,70.193,32.195,7.97395
2.12065,165.627,104.457,70.183,31.8274,7.85188
2.13633,163.712,102.949,69.0401,31.7086,7.77495
2.15211,161.269,100.892,68.0961,31.1111,7.68945
2.16785,160.025,100.48,67.4111,30.9873,7.61613
2.18349,157.664,99.2208,66.4548,30.3714,7.517
2.19916,155.878,97.2553,65.2832,30.2333,7.45981
2.21489,153.222,96.2115,64.8247,29.7962,7.38419
2.23063,151.556,95.0952,64.0176,29.6884,7.32682
2.2463,149.174,93.7047,63.4131,29.1622,7.2026
2.26194,147.192,93.0304,62.4062,28.8598,7.13216
2.27765,145.788,91.4256,61.8887,28.4351,7.05254
2.29341,143.595,90.5905,61.1122,28.3176,6.99143
2.30914,141.462,89.3958,60.2313,27.9327,6.88762
2.32486,139.281,88.0541,59.3093,27.5543,6.83723
2.34061,138.054,87.0903,59.0936,27.2054,6.80465
2.35635,135.864,85.6395,58.4882,27.0632,6.70626
2.37203,134.27,85.2606,57.4273,26.7217,6.5923
2.38768,132.425,83.9219,56.8127,26.511,6.56244
2.40339,131.326,82.285,56.1019,26.1987,6.49003
2.41914,129.92,81.4674,55.1179,26.0079,6.45018
2.43483,128.253,80.5611,54.6433,25.7564,6.39988
2.4505,126.521,79.2127,54.1774,25.3724,6.29281
2.46622,125.071,78.7813,53.7208,25.1626,6.24497
2.48195,123.372,77.5851,52.7886,24.8976,6.19287
2.49759,121.744,76.9461,52.1754,24.6195,6.13864
2.51328,119.935,75.8255,51.7234,24.3429,6.07277
2.52906,118.666,74.6683,51.1168,24.1346,6.00508
2.54479,117.567,73.8597,50.367,23.7894,5.95068
2.56049,115.829,73.2242,49.8718,23.6489,5.92471
2.57618,114.586,71.9623,49.3924,23.3863,5.85089
2.59189,113.387,71.2813,48.6935,23.0643,5.79838
2.60758,112.548,70.3764,48.0793,22.9004,5.7295
2.62325,110.592,69.5005,47.3157,22.7138,5.68095
2.63898,108.807,68.8716,46.9376,22.4308,5.6179
2.65468,107.651,68.193,46.6191,22.1425,5.59456
2.67044,106.687,66.8017,45.9063,21.9685,5.53892
2.68618,105.603,66.2906,45.2849,21.8152,5.48485
2.70184,104.298,65.424,44.6431,21.5113,5.43278
2.71755,103.042,64.5579,44.332,21.3267,5.385
2.73329,101.854,63.9167,43.7216,21.1197,5.33056
2.74897,100.599,63.2449,43.187,20.8954,5.25783
2.76462,99.5224,62.2983,42.8286,20.7524,5.2394
2.78034,98.5058,61.9503,42.4489,20.5119,5.18638
2.79607,97.394,60.8325,41.9107,20.2996,5.12867
2.81179,96.2754,60.1448,41.409,20.1543,5.11538
2.82749,95.2581,59.702,40.9246,19.8639,5.05461
2.84321,93.9124,59.0993,40.4098,19.7993,5.00932
2.85893,93.0292,58.0459,39.9642,19.4512,4.93573
2.87462,91.4192,57.5766,39.3886,19.2526,4.90117
2.89033,90.4895,56.8575,39.2659,19.1793,4.86609
2.90605,89.2407,56.2531,38.7372,18.9256,4.83389
2.92176,88.4601,55.8957,38.2976,18.6435,4.80609
2.93747,87.7067,54.9917,37.9397,18.5824,4.74471
2.95318,86.3246,54.4723,37.2267,18.3244,4.71487
2.96891,85.4428,54.0065,37.1021,18.2157,4.67721
2.98456,84.3004,53.0638,36.621,18.0019,4.64246
3.00023,83.8801,52.5239,36.2308,17.8429,4.59114
3.01596,82.8095,52.0812,35.7285,17.6369,4.54382
3.03164,81.5339,51.598,35.3807,17.4952,4.50636
3.04738,80.8323,50.8874,34.8983,17.3102,4.45924
3.0631,79.6938,50.3349,34.5629,17.1273,4.42781
3.07883,79.0639,49.6057,34.3083,16.9406,4.39516
3.09456,78.1043,49.2315,33.8934,16.7495,4.3749
3.11026,77.3724,48.603,33.5191,16.6683,4.32072
3.12596,76.3403,48.0317,33.2345,16.4563,4.31307
3.14163,75.6338,47.5619,32.8435,16.354,4.25901
3.15734,74.9524,47.1655,32.4759,16.1184,4.24901
3.17308,74.0681,46.5825,32.164,16.017,4.18876
3.18879,73.1495,45.9407,31.7126,15.8743,4.15817
3.20447,72.5564,45.4403,31.4074,15.727,4.12819
3.2202,71.579,44.9698,31.0864,15.5863,4.08486
3.2359,70.6677,44.4141,30.9148,15.4178,4.04511
3.25157,70.0367,43.9319,30.5388,15.24,4.01727
3.26729,69.4547,43.5445,30.1623,15.1197,3.98282
3.28304,68.8471,43.0535,29.8508,14.9635,3.96279
3.29877,67.9934,42.6198,29.4641,14.818,3.9232
3.31446,67.3115,42.1736,29.1618,14.6845,3.9016
3.33014,66.6442,41.6523,28.9221,14.538,3.8565
3.34585,66.0364,41.2994,28.5698,14.418,3.83158
3.36158,65.2256,40.7641,28.4387,14.3455,3.80811
3.37727,64.6975,40.3295,28.0026,14.16,3.76844
3.39294,63.8656,39.8805,27.7263,13.9806,3.75617
3.40867,63.0321,39.4962,27.4833,13.8594,3.70734
3.42439,62.4231,39.2197,27.1606,13.792,3.68858
3.44008,61.8796,38.7563,26.8132,13.6029,3.65371
3.45578,61.2576,38.4041,26.6269,13.4791,3.62999
3.47153,60.3713,37.9526,26.3914,13.3767,3.58535
3.48724,59.8986,37.7123,26.1902,13.2759,3.5716
3.50292,59.6434,37.2291,25.815,13.1168,3.54362
3.51859,58.649,36.6896,25.578,12.9773,3.51757
3.53431,58.3458,36.3772,25.263,12.8879,3.48741
3.55007,57.738,36.1068,25.1198,12.7688,3.46379
3.56577,56.973,35.7814,24.8443,12.6612,3.43523
3.58146,56.6413,35.2966,24.578,12.535,3.39735
3.59719,56.1538,35.0828,24.3715,12.4252,3.37776
3.61292,55.3584,34.6426,24.0643,12.2943,3.3406
3.62859,54.9574,34.3082,23.749,12.2174,3.31775
3.64429,54.3843,33.9908,23.6277,12.0487,3.30951
3.66003,53.7548,33.6723,23.3711,11.9472,3.26797
3.67578,53.1961,33.2328,23.1849,11.8589,3.23861
3.69146,52.9081,33.0272,22.8643,11.6973,3.22731
3.70712,52.123,32.6467,22.6634,11.6118,3.20836
3.72284,51.6223,32.2802,22.4468,11.4955,3.18164
3.73853,51.147,32.0813,22.1844,11.4242,3.1449
3.75422,50.774,31.5277,22.0143,11.3351,3.13591
3.76993,50.2073,31.3547,21.7884,11.231,3.10621
3.78564,49.7184,31.0816,21.5474,11.0807,3.07563
3.80137,49.3358,30.6725,21.3467,10.9952,3.07405
3.81707,48.7652,30.398,21.1754,10.868,3.03283
3.83279,48.3128,30.1414,20.9806,10.8107,3.01467
3.84853,47.8987,29.8461,20.7785,10.6873,2.99013
3.86424,47.3431,29.5165,20.5012,10.609,2.96551
3.87992,46.8648,29.3217,20.3174,10.5065,2.94316
3.89561,46.5319,28.9079,20.1457,10.4393,2.91202
3.91134,46.1251,28.6679,19.9676,10.2983,2.89076
3.92704,45.7856,28.4301,19.7633,10.2092,2.8681
3.94273,45.2488,28.1281,19.5591,10.1234,2.84543
3.95845,44.8335,27.8181,19.4245,10.0138,2.82833
3.97418,44.3493,27.6468,19.2586,9.92993,2.80491
3.98988,44.0456,27.4026,19.0141,9.8539,2.78565
4.00554,43.5688,27.1415,18.898,9.77559,2.75749
4.02125,43.2005,26.9011,18.7258,9.66583,2.7355
4.03698,42.8015,26.6108,18.5061,9.59281,2.7182
4.05268,42.3435,26.3266,18.2807,9.51056,2.68877
4.06839,42.006,26.1429,18.1476,9.44422,2.67049
4.0841,41.5684,25.8388,17.9593,9.32824,2.64318
4.09983,41.1262,25.5353,17.8304,9.24546,2.63421
4.11555,40.8614,25.3575,17.6432,9.16491,2.61216
4.13124,40.4993,25.1556,17.5436,9.07737,2.58832
4.14693,40.1546,24.895,17.3925,9.0101,2.57647
4.16266,39.7281,24.577,17.2107,8.92202,2.54549
4.17839,39.415,24.4496,16.973,8.85009,2.53496
4.19408,38.9673,24.2182,16.7925,8.76604,2.51412
4.20977,38.6932,23.9202,16.6598,8.65913,2.48971
4.22551,38.2853,23.7259,16.5258,8.61203,2.47386
4.24123,37.9716,23.5554,16.4016,8.55718,2.44995
4.25691,37.7766,23.3476,16.2469,8.46728,2.42915
4.27259,37.4117,23.1601,16.1235,8.38267,2.40833
4.28831,36.9664,22.9086,15.9495,8.31573,2.3898
4.30404,36.7298,22.6924,15.7722,8.22661,2.36594
4.31974,36.398,22.4818,15.695,8.17079,2.35047
4.33543,35.9925,22.2873,15.5014,8.09628,2.33026
4.35116,35.69,22.0943,15.3643,8.02603,2.32008
4.36688,35.4289,21.8779,15.2242,7.97013,2.30742
4.38255,35.0317,21.6561,15.1256,7.88519,2.28279
4.39825,34.8103,21.5454,14.9795,7.82967,2.26696
4.41398,34.4365,21.3331,14.8649,7.76353,2.25152
4.4297,34.2691,21.1324,14.6592,7.70672,2.23377
4.44541,33.9363,20.931,14.5942,7.62775,2.21296
4.46111,33.5692,20.7601,14.439,7.56172,2.20425
4.47683,33.3695,20.5633,14.3218,7.49884,2.18165
4.49251,32.9465,20.3469,14.1904,7.43521,2.16296
4.50819,32.7673,20.2465,14.0615,7.37743,2.15033
4.5239,32.4537,20.0486,13.9774,7.3061,2.12695
4.53962,32.1612,19.863,13.8425,7.26051,2.11842
4.55535,31.9253,19.717,13.7239,7.18863,2.09919
4.57106,31.5845,19.4746,13.5943,7.12888,2.08686
4.58678,31.3388,19.4272,13.4621,7.05387,2.06799
4.6025,31.0907,19.169,13.336,7.00259,2.05025
4.61821,30.8887,18.9928,13.2115,6.94768,2.04648
4.63391,30.5764,18.7981,13.1336,6.89646,2.02216
4.6496,30.371,18.6899,13.0117,6.83456,2.00936
4.66532,30.079,18.5636,12.9119,6.77076,1.99243
4.68103,29.7752,18.3794,12.7888,6.72426,1.97945
4.69673,29.5772,18.2284,12.6654,6.66669,1.96335
4.71241,29.2576,18.0125,12.5354,6.60964,1.94853
4.72811,29.0519,17.9129,12.452,6.53733,1.93858
4.74384,28.7491,17.7118,12.3753,6.50441,1.92827
4.75955,28.5232,17.5856,12.1967,6.44612,1.90258
4.77525,28.341,17.4532,12.1409,6.38613,1.89278
4.79096,28.0659,17.2964,12.0404,6.33563,1.87641
4.80669,27.8262,17.1551,11.9568,6.29367,1.86939
4.8224,27.7137,16.9928,11.8247,6.21826,1.84441
4.83809,27.3046,16.8645,11.7351,6.18436,1.83581
4.85379,27.1532,16.7291,11.617,6.12573,1.82925
4.8695,26.9103,16.574,11.5383,6.08023,1.81329
4.88521,26.7574,16.4497,11.4452,6.03609,1.79816
4.90093,26.5015,16.3102,11.3193,5.97318,1.78815
4.91663,26.3072,16.1557,11.2558,5.92656,1.77645
4.93234,26.0914,16.0473,11.1581,5.85786,1.76849
4.94807,25.8425,15.9116,11.0678,5.82655,1.74604
4.96377,25.6588,15.7875,10.9828,5.77788,1.73883
4.97943,25.47,15.65,10.8717,5.73806,1.71989
4.99514,25.2192,15.4829,10.7853,5.68081,1.71347
5.01086,25.0036,15.3884,10.7102,5.64967,1.69887
5.02654,24.8129,15.2519,10.6176,5.59754,1.68518
5.04227,24.6291,15.1387,10.5203,5.56269,1.67903
5.058,24.432,15.0564,10.4589,5.50941,1.66655
5.07371,24.2211,14.8552,10.3658,5.47203,1.65462
5.08942,24.0556,14.7346,10.269,5.42212,1.64584
5.10513,23.8359,14.6199,10.1747,5.36695,1.62552
5.12084,23.6282,14.4993,10.1073,5.33544,1.62016
5.13656,23.4799,14.3916,10.0195,5.29894,1.61123
5.15225,23.2724,14.2669,9.9113,5.25385,1.59636
5.16796,23.0498,14.1779,9.85538,5.21377,1.58284
5.18369,22.9116,14.0255,9.7916,5.16592,1.57638
5.1994,22.6849,13.9344,9.69842,5.13561,1.56232
5.21509,22.5299,13.8109,9.61673,5.09619,1.55853
5.23079,22.3674,13.6855,9.53774,5.05216,1.54553
5.24649,22.1953,13.6312,9.46178,4.99768,1.53026
5.26217,22.0427,13.5238,9.37951,4.96708,1.52459
5.27788,21.8256,13.3749,9.2931,4.92557,1.51009
5.29359,21.6907,13.2974,9.23408,4.87771,1.50075
5.30933,21.5151,13.1767,9.1537,4.84939,1.49271
5.32504,21.3221,13.0513,9.08587,4.80868,1.48208
5.34073,21.1694,12.9552,9.02148,4.77358,1.47342
5.35646,20.9658,12.8895,8.9508,4.73458,1.46414
5.37218,20.8147,12.7642,8.85586,4.69654,1.4526
5.38789,20.6555,12.6497,8.81664,4.66142,1.44513
5.40357,20.5348,12.5515,8.72646,4.6248,1.42994
5.41929,20.3779,12.4483,8.68404,4.5821,1.42144
5.43502,20.1676,12.375,8.609,4.56127,1.4142
5.4507,20.0653,12.2633,8.53343,4.51,1.40571
5.46639,19.8876,12.1691,8.46617,4.48429,1.39614
5.48212,19.7474,12.0899,8.41109,4.44788,1.38607
5.49786,19.5845,11.982,8.32576,4.41643,1.37522
5.51353,19.4203,11.8931,8.27503,4.38042,1.36659
5.52921,19.3051,11.811,8.19496,4.34175,1.35692
5.54495,19.1913,11.686,8.13737,4.30767,1.34801
5.56066,19.0174,11.6274,8.06685,4.27296,1.33952
5.57637,18.8357,11.5191,7.98825,4.23476,1.33182
5.59207,18.7258,11.444,7.93303,4.20579,1.32472
5.60778,18.5429,11.3459,7.87756,4.18463,1.31035
5.62346,18.4379,11.264,7.81942,4.13627,1.30986
5.63916,18.3128,11.1784,7.75879,4.11837,1.29428
5.65487,18.1233,11.1015,7.70618,4.08237,1.28482
5.6706,18.0246,11.0129,7.64689,4.05481,1.2779
5.68633,17.862,10.9376,7.58627,4.03122,1.27279
5.70203,17.7472,10.8556,7.52732,3.99272,1.26604
5.71773,17.6236,10.761,7.48123,3.96278,1.25604
5.73344,17.4584,10.6904,7.42334,3.93985,1.24644
5.74916,17.3475,10.6146,7.35677,3.91477,1.23752
5.76486,17.2305,10.5184,7.31629,3.8676,1.2293
5.78054,17.0671,10.4409,7.2557,3.8437,1.22204
5.79626,16.9676,10.384,7.1971,3.82467,1.21485
5.812,16.8481,10.264,7.13825,3.78763,1.20777
5.8277,16.7004,10.202,7.07674,3.76339,1.19859
5.84339,16.5658,10.1463,7.03692,3.72899,1.19236
5.85911,16.4707,10.0574,6.98488,3.70456,1.18249
5.87484,16.3145,9.97772,6.93937,3.67803,1.17138
5.89053,16.2049,9.89625,6.88032,3.64536,1.17049
5.90623,16.0757,9.85382,6.82681,3.6261,1.1616
5.92195,15.9722,9.75728,6.78239,3.5973,1.15692
5.93767,15.848,9.6941,6.72628,3.56163,1.14579
5.95336,15.7459,9.62413,6.67446,3.54083,1.13842
5.96905,15.6435,9.54003,6.61938,3.51105,1.13267
5.98476,15.5126,9.48034,6.59134,3.50173,1.12552
6.00048,15.3838,9.40279,6.51565,3.46669,1.11588
6.01617,15.2687,9.32698,6.49978,3.44031,1.10944
6.03185,15.1733,9.26115,6.44157,3.41192,1.10296
6.04756,15.0502,9.18826,6.38238,3.38756,1.09758
6.06331,14.9918,9.1319,6.33712,3.36484,1.08896
6.07903,14.8408,9.05772,6.2962,3.34165,1.08258
6.09473,14.7564,8.98804,6.25125,3.31928,1.07575
6.11044,14.6507,8.92033,6.20689,3.29323,1.06949
6.12616,14.5187,8.84662,6.15873,3.27409,1.06425
6.14186,14.4168,8.81224,6.11253,3.25514,1.05672
6.15755,14.3161,8.71192,6.07221,3.21984,1.04882
6.17326,14.2536,8.6852,6.0253,3.19751,1.04386
6.18898,14.138,8.60836,5.97688,3.17983,1.03549
6.20467,14.0143,8.53309,5.93861,3.14729,1.03132
6.22036,13.9288,8.48025,5.89089,3.13128,1.02436
6.2361,13.8244,8.42486,5.86102,3.11111,1.01711
6.2518,13.7185,8.3596,5.81628,3.08589,1.00909
6.26748,13.609,8.30984,5.76971,3.06636,1.00495
6.28319,13.5434,8.2429,5.73232,3.04271,0.999628
6.29893,13.4149,8.18785,5.68949,3.01696,0.993346
6.31463,13.3256,8.12568,5.64615,2.99868,0.986342
6.33033,13.2389,8.06671,5.60769,2.97576,0.979944
6.34604,13.1813,8.01492,5.56134,2.95427,0.974069
6.36177,13.031,7.95496,5.53615,2.93151,0.969199
6.37747,12.9701,7.89839,5.48337,2.91725,0.962989
6.39316,12.8825,7.83008,5.44651,2.89552,0.955947
6.40888,12.7832,7.78401,5.42139,2.87619,0.951606
6.4246,12.6821,7.73508,5.36716,2.85792,0.947311
6.44031,12.6129,7.67812,5.32975,2.82907,0.940723
6.45601,12.4998,7.6196,5.29564,2.81115,0.933587
6.47172,12.4163,7.57162,5.26059,2.79643,0.929653
6.48744,12.3315,7.52727,5.22201,2.77336,0.919901
6.50313,12.2651,7.47436,5.18368,2.74361,0.916784
6.51882,12.1783,7.40652,5.15028,2.73205,0.912866
6.53452,12.0618,7.35786,5.11292,2.71207,0.903416
6.55025,11.9986,7.3181,5.08238,2.69266,0.900084
6.56597,11.9182,7.2616,5.04611,2.67671,0.896854
6.58166,11.8489,7.20975,5.01491,2.65859,0.889731
6.59736,11.7325,7.1653,4.9796,2.63676,0.883653
6.61307,11.6716,7.11096,4.93701,2.62459,0.876313
6.6288,11.5882,7.06261,4.90262,2.60342,0.875
6.6445,11.513,7.0151,4.8747,2.58945,0.868956
6.6602,11.4338,6.96452,4.84288,2.569,0.861613
6.67592,11.3616,6.91292,4.8053,2.54756,0.856137
6.69164,11.2854,6.8739,4.76693,2.53463,0.851412
6.70735,11.189,6.79816,4.73989,2.51874,0.848262
6.72304,11.1501,6.76226,4.71347,2.498,0.843534
6.73874,11.0262,6.72718,4.67364,2.48768,0.836938
6.75446,10.9737,6.68604,4.64217,2.46137,0.83397
6.77016,10.8911,6.62526,4.6079,2.44716,0.828318
6.78585,10.8272,6.58436,4.58277,2.43154,0.821334
6.80156,10.7538,6.54535,4.54808,2.41365,0.819276
6.81729,10.6731,6.49877,4.51571,2.40238,0.813187
6.83301,10.6041,6.45655,4.4849,2.3849,0.806121
6.8487,10.538,6.40295,4.45457,2.36382,0.802641
6.8644,10.4531,6.36733,4.42022,2.3501,0.798268
6.88012,10.3945,6.32757,4.3871,2.33368,0.792802
6.89583,10.3283,6.28211,4.36486,2.3195,0.787037
6.91151,10.2672,6.25482,4.33449,2.30439,0.785812
6.92723,10.1721,6.19847,4.30782,2.28887,0.780445
6.94296,10.1217,6.15099,4.26661,2.27289,0.776282
6.95866,10.0474,6.11875,4.25384,2.25464,0.77277
6.97436,10.0068,6.06517,4.22247,2.24476,0.765735
6.99007,9.92823,6.02018,4.18717,2.22785,0.761689
7.00578,9.84808,5.99273,4.1624,2.21418,0.758805
7.02147,9.77669,5.95182,4.13612,2.19603,0.753365
7.03718,9.71857,5.91445,4.10685,2.1842,0.752037
7.0529,9.64982,5.87836,4.07665,2.17001,0.746184
7.06863,9.59124,5.83305,4.0487,2.15354,0.739227
7.08433,9.51798,5.79779,4.0217,2.13693,0.735748
7.10004,9.44948,5.75231,3.99618,2.12692,0.732801
7.11575,9.4096,5.71665,3.97057,2.11297,0.728521
7.13145,9.33356,5.67487,3.94345,2.09872,0.723632
7.14715,9.2851,5.64861,3.91749,2.08343,0.719635
7.16284,9.19149,5.6074,3.89494,2.07293,0.714756
7.17855,9.1571,5.56548,3.86946,2.05615,0.710456
7.19428,9.08874,5.52777,3.84078,2.04343,0.70799
7.20998,9.03525,5.48908,3.81937,2.02944,0.702539
7.22568,8.97092,5.45569,3.7908,2.014,0.701133
7.24139,8.92366,5.42417,3.76721,2.00456,0.694956
7.25711,8.85749,5.38684,3.74021,1.98938,0.693076
7.27282,8.78404,5.34458,3.71833,1.97938,0.688845
7.28852,8.75549,5.31974,3.69796,1.96466,0.684293
7.30423,8.68757,5.28474,3.67823,1.95605,0.679031
7.31995,8.62917,5.24533,3.64083,1.93738,0.674761
7.33565,8.57341,5.20231,3.61838,1.92612,0.672657
7.35135,8.51815,5.17121,3.59602,1.91734,0.666664
7.36706,8.46235,5.14642,3.57513,1.90445,0.664881
7.38277,8.40299,5.10749,3.554,1.88872,0.659678
7.39847,8.35407,5.08373,3.52871,1.87821,0.657075
7.41419,8.30423,5.03593,3.50269,1.86584,0.65378
7.4299,8.24378,5.01775,3.47781,1.85608,0.649798
7.44561,8.18211,4.98083,3.46153,1.84113,0.646368
7.46132,8.15206,4.94039,3.44251,1.82987,0.64363
7.47701,8.08369,4.91521,3.41207,1.81846,0.637868
7.49272,8.03995,4.88392,3.38909,1.80596,0.63434
7.50842,7.97837,4.85279,3.3747,1.79876,0.630432
7.5241,7.92476,4.81876,3.34381,1.78547,0.626442
7.53981,7.87382,4.78995,3.32622,1.77463,0.623073
7.55552,7.82327,4.75953,3.30653,1.76017,0.621777
7.57125,7.77577,4.72856,3.2868,1.75192,0.616211
7.58698,7.72839,4.69415,3.266,1.73954,0.613576
7.60268,7.67567,4.66582,3.23991,1.72749,0.610141
7.6184,7.62227,4.64622,3.2267,1.7209,0.607276
7.63411,7.58348,4.60394,3.20606,1.7085,0.603678
7.64981,7.52823,4.58034,3.18781,1.70027,0.599382
7.66552,7.47162,4.55199,3.16472,1.68742,0.597243
7.68123,7.43994,4.51849,3.14615,1.6782,0.595515
7.69695,7.38659,4.49397,3.12776,1.66459,0.58991
7.71264,7.34902,4.46084,3.10022,1.65493,0.588673
7.72834,7.29548,4.42714,3.07898,1.64437,0.587005
7.74407,7.25014,4.41128,3.0591,1.6337,0.581091
7.75978,7.19756,4.376,3.04629,1.62512,0.578182
7.77546,7.15801,4.35352,3.01996,1.6106,0.575525
7.79116,7.10776,4.32073,3.00396,1.60515,0.570958
7.8069,7.07439,4.29235,2.98344,1.59397,0.5688
7.8226,7.02572,4.26981,2.96827,1.58325,0.565134
7.83828,6.97519,4.24301,2.94851,1.57637,0.563472
7.85399,6.9302,4.21348,2.93391,1.56474,0.560321
7.86972,6.9004,4.19033,2.91434,1.55279,0.557668
7.88543,6.85421,4.15921,2.89733,1.54805,0.555108
7.90111,6.809,4.14636,2.87818,1.53442,0.551709
7.91681,6.76683,4.10713,2.85993,1.52773,0.548673
7.93255,6.72288,4.08368,2.84152,1.51839,0.545579
7.94828,6.6748,4.0608,2.82554,1.50793,0.543631
7.96397,6.64526,4.03861,2.80579,1.4991,0.540279
7.97967,6.60196,4.00776,2.78941,1.49011,0.536716
7.99538,6.55449,3.9786,2.76885,1.48246,0.533183
8.0111,6.50475,3.96595,2.75306,1.47394,0.531585
8.0268,6.47537,3.93841,2.74265,1.46383,0.527494
8.04248,6.42979,3.91364,2.71939,1.4546,0.523618
